id,name,category,supplier,packSize
0,Pepper Rainbow 3 Pack,Bulk,,case of 8 pack
1,Pepper Rainbow 4 Pack,Bulk,,case of 6 pack
2,Apple Mcintosh,Bulk,,case of 80 piece
5,Asparagus Local,Bulk,,case × 28 lb
6,Avocado,Bulk,,case of 36 piece
7,Spinach Baby,Bulk,,case of 2 bag × 5 lb
10,Orange Navel Bagged,Bulk,,case of 10 bag × 3 lb
11,Banana Turning,Bulk,,case × 40 lb
12,Pear Bartlett,Bulk,,case of 110 piece
13,Grapes Black,Bulk,,case of 12 pack × 3 lb
14,Blackberries,Bulk,,case of 12 pack × 6 oz
16,Blueberries,Bulk,,case of 12 pack × 6 oz
17,Broccoli Bunches,Bulk,,case of 18 bunch
18,Brussels Sprouts,Bulk,,case × 25 lb
19,Carrot,Bulk,,bag × 50 lb
20,Cauliflower,Bulk,,case of 12 head
21,Celery Stalks,Bulk,,case of 24 stalk
23,Clementines,Bulk,,pack × 4 lb
24,Coriander / Cilantro,Bulk,,case of 24 bunch
25,Cucumber Medium,Bulk,,case of 12 piece
26,Cucumber Large,Bulk,,case of 12 piece
27,Apple Granny Smith,Bulk,,case of 90 piece
28,Tomato Grape Cherry,Bulk,,case of 12 pack × 1 lb
29,Cabbage Green,Bulk,,case of 12 head
30,Grapes Green,Bulk,,case × 18 lb
31,Onion Green,Bulk,,case of 48 bunch
32,Pepper Green Jumbo,Bulk,,case × 22 lb
34,Orange Juicing,Bulk,,case of 100 piece
35,Kiwi,Bulk,,case of 15 piece
36,Lemon,Bulk,,case of 113 piece
37,Lettuce Iceberg,Bulk,,case of 24 head
38,Lime,Bulk,,case of 175 piece
39,Onion Red Large,Bulk,,bag × 25 lb
40,Onion White,Bulk,,bag × 25 lb
41,Onion Cooking Medium,Bulk,,case × 50 lb
42,Mint,Bulk,,case of 48 bunch
43,Orange Cara Cara,Bulk,,case of 36 piece
44,Orange Navel,Bulk,,case of 72 piece
45,Pepper Orange,Bulk,,case × 25 lb
46,Pineapple,Bulk,,case of 7 piece
47,Potato Yukon Gold,Bulk,,bag × 50 lb
48,Raspberries,Bulk,,case of 12 pack × 6 oz
50,Grapes Red,Bulk,,case × 18 lb
51,Pepper Red,Bulk,,case × 25 lb
52,Romaine Heart 3 Pack,Bulk,,case of 12 pack
53,Pepper Scotch Bonnet Multi-Colour,Bulk,,case × 8 lb
54,Squash Butternut,Bulk,,case × 35 lb
55,Strawberries,Bulk,,case of 8 pack × 1 lb
56,Tomato 5x6,Bulk,,case × 25 lb
57,Tomato Beefsteak Hot House,Bulk,,case × 15 lb
58,Tomato on the Vine,Bulk,,case × 11 lb
59,Watermelon Large,Bulk,,case of 6 piece
60,Watermelon Bin Medium,Bulk,,bin of 45 piece
62,Coleslaw Mix,Bulk,,bag × 10 lb
63,Potato Fingerling,Bulk,,case × 25 lb
64,Mushroom Portobello Local,Bulk,,case × 5 lb
65,Mushroom Shiitake Local,Bulk,,case × 5 lb
66,Mushroom Button Local,Bulk,,case × 5 lb
67,Potato Russet,Bulk,,case of 80 piece
68,Spring Mix Heritage,Bulk,,case × 3 lb
69,Tomato Medley Cherry,Bulk,,case of 12 pack × 1 L
70,Coriander / Cilantro,Bulk,,case of 60 bunch
73,Parsley,Bulk,,case of 30 bunch
74,Pepper Yellow,Bulk,,case × 25 lb
75,Eggplant,Bulk,,case of 24 piece
76,Corn 4 Pack,Packaged,a_j_lanzarotta_wholesale_fruit_and_vegetables,tray of 4 piece
77,Corn 5 Pack,Packaged,a_j_lanzarotta_wholesale_fruit_and_vegetables,tray of 5 piece
78,Asparagus,Packaged,a_j_lanzarotta_wholesale_fruit_and_vegetables,tray × 250 g
79,Asparagus,Packaged,a_j_lanzarotta_wholesale_fruit_and_vegetables,tray × 325 g
80,Broccoli & Cauliflower Mix,Packaged,a_j_lanzarotta_wholesale_fruit_and_vegetables,tray × 300 g
81,Broccoli Florets,Packaged,a_j_lanzarotta_wholesale_fruit_and_vegetables,tray × 250 g
82,Broccoli Florets,Packaged,a_j_lanzarotta_wholesale_fruit_and_vegetables,tray × 450 g
83,Brussels Sprouts,Packaged,a_j_lanzarotta_wholesale_fruit_and_vegetables,tray × 250 g
84,Brussels Sprouts,Packaged,a_j_lanzarotta_wholesale_fruit_and_vegetables,tray × 450 g
85,Cauliflower Florets,Packaged,a_j_lanzarotta_wholesale_fruit_and_vegetables,tray × 250 g
86,Cauliflower Florets,Packaged,a_j_lanzarotta_wholesale_fruit_and_vegetables,tray × 450 g
87,Celery Sticks 4 inch,Packaged,a_j_lanzarotta_wholesale_fruit_and_vegetables,tray × 250 g
88,Fajita Mix,Packaged,a_j_lanzarotta_wholesale_fruit_and_vegetables,tray × 400 g
89,Beans Green,Packaged,a_j_lanzarotta_wholesale_fruit_and_vegetables,tray × 250 g
90,Beans Green,Packaged,a_j_lanzarotta_wholesale_fruit_and_vegetables,tray × 450 g
91,Zucchini Green,Packaged,a_j_lanzarotta_wholesale_fruit_and_vegetables,tray × 250 g
92,Zucchini Green,Packaged,a_j_lanzarotta_wholesale_fruit_and_vegetables,tray × 450 g
93,Mushroom Kebabs,Packaged,a_j_lanzarotta_wholesale_fruit_and_vegetables,tray of 4 each
94,Pepper Strips Mix,Packaged,a_j_lanzarotta_wholesale_fruit_and_vegetables,tray × 400 g
95,Pineapple Kebabs,Packaged,a_j_lanzarotta_wholesale_fruit_and_vegetables,tray of 4 each
96,Quesadilla Mix,Packaged,a_j_lanzarotta_wholesale_fruit_and_vegetables,tray × 320 g
97,Turnip Waxed / Rutabaga Cubed 1 inch,Packaged,a_j_lanzarotta_wholesale_fruit_and_vegetables,tray × 600 g
98,Squash Cubed 1 inch,Packaged,a_j_lanzarotta_wholesale_fruit_and_vegetables,tray × 600 g
99,Deluxe Stir Fry Mix,Packaged,a_j_lanzarotta_wholesale_fruit_and_vegetables,tray × 400 g
100,Onion White Diced 1/2 inch,Packaged,a_j_lanzarotta_wholesale_fruit_and_vegetables,tray × 250 g
101,Yam Cubed 1 inch,Packaged,a_j_lanzarotta_wholesale_fruit_and_vegetables,tray × 600 g
102,Beans Yellow,Packaged,a_j_lanzarotta_wholesale_fruit_and_vegetables,tray × 250 g
103,Beans Yellow,Packaged,a_j_lanzarotta_wholesale_fruit_and_vegetables,tray × 450 g
104,Zucchini Yellow,Packaged,a_j_lanzarotta_wholesale_fruit_and_vegetables,tray × 250 g
105,Zucchini Yellow,Packaged,a_j_lanzarotta_wholesale_fruit_and_vegetables,tray × 450 g
106,Zucchini Kebabs,Packaged,a_j_lanzarotta_wholesale_fruit_and_vegetables,tray of 4 each
107,Watermelon Quarters,Packaged,a_j_lanzarotta_wholesale_fruit_and_vegetables,tray of 1 piece
108,Watermelon Sliced,Packaged,a_j_lanzarotta_wholesale_fruit_and_vegetables,tray of 4 slice
109,Cantaloupe Pail,Pre-Cut,a_j_lanzarotta_wholesale_fruit_and_vegetables,pail × 14 lb
110,Cauliflower Florets,Pre-Cut,a_j_lanzarotta_wholesale_fruit_and_vegetables,case of 2 bag × 5 lb
111,Celery Sticks 4 inch,Pre-Cut,a_j_lanzarotta_wholesale_fruit_and_vegetables,bag × 5 lb
112,Romaine Chopped Fresh Cut,Pre-Cut,a_j_lanzarotta_wholesale_fruit_and_vegetables,case of 4 bag × 3 lb
113,Deluxe Fruit Pail,Pre-Cut,a_j_lanzarotta_wholesale_fruit_and_vegetables,pail × 14 lb
114,Garlic Peeled,Bulk,,bag × 3 lb
115,Onion Green Chopped,Pre-Cut,a_j_lanzarotta_wholesale_fruit_and_vegetables,bag × 5 lb
116,Pepper Green Strips,Pre-Cut,a_j_lanzarotta_wholesale_fruit_and_vegetables,bag × 5 lb
117,Pepper Green Julienned,Pre-Cut,a_j_lanzarotta_wholesale_fruit_and_vegetables,bag × 5 lb
118,Pepper Green Chunky 1 inch,Pre-Cut,a_j_lanzarotta_wholesale_fruit_and_vegetables,bag × 5 lb
119,Pepper Green Diced 1/2 inch,Pre-Cut,a_j_lanzarotta_wholesale_fruit_and_vegetables,bag × 5 lb
120,Honeydew Pail,Pre-Cut,a_j_lanzarotta_wholesale_fruit_and_vegetables,pail × 14 lb
121,Pepper Red and Yellow Julienne,Pre-Cut,a_j_lanzarotta_wholesale_fruit_and_vegetables,bag × 5 lb
122,Mango Cubed 1 inch,Pre-Cut,a_j_lanzarotta_wholesale_fruit_and_vegetables,tray × 5 lb
123,Carrot Matchstick,Pre-Cut,a_j_lanzarotta_wholesale_fruit_and_vegetables,bag × 5 lb
125,Pepper Orange Chunky 1 inch,Pre-Cut,a_j_lanzarotta_wholesale_fruit_and_vegetables,bag × 5 lb
127,Pepper Orange Julienned,Pre-Cut,a_j_lanzarotta_wholesale_fruit_and_vegetables,bag × 5 lb
128,Papaya Cubed 1 inch,Pre-Cut,a_j_lanzarotta_wholesale_fruit_and_vegetables,tray × 5 lb
129,Parsnip Cubed 1 inch,Pre-Cut,a_j_lanzarotta_wholesale_fruit_and_vegetables,bag × 5 lb
131,Pineapple Cored,Pre-Cut,a_j_lanzarotta_wholesale_fruit_and_vegetables,each × 1 lb
132,Pineapple Pail,Pre-Cut,a_j_lanzarotta_wholesale_fruit_and_vegetables,pail × 14 lb
133,Onion Red Chunky 1 inch,Pre-Cut,a_j_lanzarotta_wholesale_fruit_and_vegetables,bag × 5 lb
134,Onion Red Diced 1/2 inch,Pre-Cut,a_j_lanzarotta_wholesale_fruit_and_vegetables,bag × 5 lb
135,Onion Red Sliced,Pre-Cut,a_j_lanzarotta_wholesale_fruit_and_vegetables,bag × 5 lb
136,Pepper Red Strips,Pre-Cut,a_j_lanzarotta_wholesale_fruit_and_vegetables,bag × 5 lb
137,Pepper Red Julienned,Pre-Cut,a_j_lanzarotta_wholesale_fruit_and_vegetables,bag × 5 lb
138,Pepper Red Chunky 1 inch,Pre-Cut,a_j_lanzarotta_wholesale_fruit_and_vegetables,bag × 5 lb
139,Pepper Red Diced 1/2 inch,Pre-Cut,a_j_lanzarotta_wholesale_fruit_and_vegetables,bag × 5 lb
140,Turnip Waxed / Rutabaga Cubed 1/2 inch,Pre-Cut,a_j_lanzarotta_wholesale_fruit_and_vegetables,bag × 5 lb
141,Cabbage Shredded,Pre-Cut,a_j_lanzarotta_wholesale_fruit_and_vegetables,bag × 5 lb
142,Lettuce Iceberg Shredded,Bulk,,case of 4 bag × 5 lb
143,Squash Cubed 1/2 inch,Pre-Cut,a_j_lanzarotta_wholesale_fruit_and_vegetables,bag × 5 lb
144,Watermelon Cubed Tray,Pre-Cut,a_j_lanzarotta_wholesale_fruit_and_vegetables,tray × 5 lb
145,Yam Cubed 1/2 inch,Pre-Cut,a_j_lanzarotta_wholesale_fruit_and_vegetables,bag × 5 lb
146,Pepper Yellow Chunky 1 inch,Pre-Cut,a_j_lanzarotta_wholesale_fruit_and_vegetables,bag × 5 lb
147,Pepper Yellow Diced 1/2 inch,Pre-Cut,a_j_lanzarotta_wholesale_fruit_and_vegetables,bag × 5 lb
148,Pepper Yellow Julienned,Pre-Cut,a_j_lanzarotta_wholesale_fruit_and_vegetables,bag × 5 lb
150,Zucchini Wheels,Pre-Cut,a_j_lanzarotta_wholesale_fruit_and_vegetables,bag × 5 lb
151,Tomato Sliced,Pre-Cut,a_j_lanzarotta_wholesale_fruit_and_vegetables,tray × 5 lb
152,Deluxe Fruit Tray,Pre-Cut,a_j_lanzarotta_wholesale_fruit_and_vegetables,tray × 5 lb
153,Brussels Sprouts Halved,Pre-Cut,a_j_lanzarotta_wholesale_fruit_and_vegetables,bag × 5 lb
154,Broccoli Florets,Pre-Cut,a_j_lanzarotta_wholesale_fruit_and_vegetables,case of 2 bag × 5 lb
155,Banana Green,Bulk,,case × 40 lb
156,Fruit Box Assorted,Packaged,a_j_lanzarotta_wholesale_fruit_and_vegetables,case of 30 piece
157,Deluxe Stir Fry Mix,Pre-Cut,a_j_lanzarotta_wholesale_fruit_and_vegetables,bag × 5 lb
158,Ginger Root,Bulk,,case × 30 lb
159,Spinach,Bulk,,case of 24 bunch × 8 lb
160,Melon Honeydew,Bulk,,case of 8 piece
161,Tomato 6x7,Bulk,,case × 25 lb
162,Cabbage Napa,Bulk,,case × 45 lb
163,Radish Daikon,Bulk,,case × 40 lb
164,Apple Red Delicious,Bulk,,case of 113 piece
165,Orange Navel,Bulk,,case of 88 piece
166,Orange Navel,Bulk,,case of 113 piece
167,Parsnip,Bulk,,case × 25 lb
168,Radish Cello,Bulk,,case of 12 bag × 1 lb
169,Turnip Waxed / Rutabaga,Bulk,,case × 50 lb
170,Bean Sprouts,Bulk,,case of 12 bag × 1 lb
171,Bok Choy,Bulk,,case × 35 lb
172,Peas Sugar Snap,Bulk,,case × 10 lb
173,Beans Fine French,Bulk,,case of 6 pack × 400 g
174,Broccoli Crown,Bulk,,case × 20 lb
175,Beans Green,Bulk,,case × 25 lb
176,Beans Yellow,Bulk,,case × 15 lb
177,Zucchini Green,Bulk,,case × 25 lb
178,Zucchini Yellow,Bulk,,case × 25 lb
179,Arugula Baby,Bulk,,case × 3 lb
180,Cabbage Red,Bulk,,case of 12 head
181,Lettuce Green Leaf,Bulk,,case of 24 head
182,Kale Green,Bulk,,case of 24 bunch
183,Spring Mix Mesclun,Bulk,,case × 3 lb
184,Radicchio,Bulk,,case of 12 head
185,Romaine Heart 6 Pack,Bulk,,case of 7 pack
186,Tomato Roma,Bulk,,case × 25 lb
187,Basil,Bulk,,case of 24 bunch
188,Cantaloupe Jumbo,Bulk,,case of 9 piece
189,Pear Bosc,Bulk,,case of 60 piece
190,Mango,Bulk,,case of 8 piece
191,Potato Red Large,Bulk,,bag × 50 lb
192,Lettuce Iceberg Chopped,Bulk,,case of 4 bag × 5 lb
193,Onion Spanish Peeled Jumbo,Pre-Cut,a_j_lanzarotta_wholesale_fruit_and_vegetables,bag × 22 lb
194,Onion Shallot,Bulk,,case × 10 lb
195,Onion Spanish Jumbo,Bulk,,bag × 50 lb
196,Pepper Jalapeno,Bulk,,case × 10 lb
197,Pepper Chili Red,Bulk,,case × 6 lb
198,Potato Red Mini B,Bulk,,bag × 50 lb
199,Potato Yukon Mini,Bulk,,bag × 50 lb
200,Onion Red Peeled Medium,Pre-Cut,a_j_lanzarotta_wholesale_fruit_and_vegetables,bag × 22 lb
201,Chervil,Bulk,,pack × 40 g
202,Chives,Single Items,a_j_lanzarotta_wholesale_fruit_and_vegetables,bunch × 40 g
203,Dill Weed,Single Items,a_j_lanzarotta_wholesale_fruit_and_vegetables,bunch × 40 g
204,Oregano,Single Items,a_j_lanzarotta_wholesale_fruit_and_vegetables,bunch × 40 g
205,Carrot Peeled Large,Pre-Cut,a_j_lanzarotta_wholesale_fruit_and_vegetables,bag × 22 lb
206,Mushroom Brown Caps Local,Bulk,,case × 5 lb
207,Mushroom Oyster Local,Bulk,,case × 2 lb
208,Potato White Large,Bulk,,bag × 50 lb
209,Carrot Sticks 4 inch,Pre-Cut,a_j_lanzarotta_wholesale_fruit_and_vegetables,bag × 5 lb
210,Strawberries Frozen,Frozen,a_j_lanzarotta_wholesale_fruit_and_vegetables,case of 6 bag × 2 kg
211,Asparagus,Bulk,,case × 11 lb
212,Cranberries,Bulk,,case of 24 pack × 12 oz
213,Mango Chunks Frozen,Frozen,a_j_lanzarotta_wholesale_fruit_and_vegetables,case × 30 lb
214,Peas Snow,Bulk,,case × 10 lb
215,Carrot with Top,Bulk,,case of 24 piece
216,Leek,Bulk,,case of 12 bunch
217,Mushroom White Local,Bulk,,case × 5 lb
218,Beet Golden,Bulk,,bag × 25 lb
219,Beet Red,Bulk,,bag × 25 lb
220,Berries 4 Fruit Blend Frozen,Frozen,a_j_lanzarotta_wholesale_fruit_and_vegetables,case of 5 bag × 1 kg
221,Blackberries Frozen,Frozen,a_j_lanzarotta_wholesale_fruit_and_vegetables,case of 5 bag × 1 kg
222,Raspberries Frozen,Frozen,a_j_lanzarotta_wholesale_fruit_and_vegetables,bag × 10 kg
223,Blueberries Frozen,Frozen,a_j_lanzarotta_wholesale_fruit_and_vegetables,case of 5 bag × 1 kg
224,Pineapple,Bulk,,case of 6 piece
225,Apple Royal Gala,Bulk,,case of 113 piece
226,Grapefruit,Bulk,,case of 35 piece
227,Watermelon Seedless,Bulk,,each
228,Avocado Ready-to-Eat,Packaged,a_j_lanzarotta_wholesale_fruit_and_vegetables,case of 12 piece
229,Tomato Red Cherry,Bulk,,case of 12 pack × 1 lb
230,Potato Russet,Bulk,,bag × 50 lb
231,Onion Cooking Diced 1/2 inch,Pre-Cut,a_j_lanzarotta_wholesale_fruit_and_vegetables,bag × 5 lb
232,Onion Red Diced,Packaged,a_j_lanzarotta_wholesale_fruit_and_vegetables,tray × 250 g
233,Melon Honeydew Jumbo,Bulk,,case of 5 piece
234,Spinach Baby,Bulk,,case of 2 bag × 2 lb
235,Mint,Single Items,a_j_lanzarotta_wholesale_fruit_and_vegetables,bunch × 40 g
236,Thyme,Single Items,a_j_lanzarotta_wholesale_fruit_and_vegetables,bunch × 40 g
237,Rosemary,Single Items,a_j_lanzarotta_wholesale_fruit_and_vegetables,bunch × 40 g
238,Parsley Flat,Bulk,,case of 24 bunch × 40 g
239,Onion Spanish Colossal,Bulk,,bag × 50 lb
240,Apple Granny Smith,Bulk,,case of 88 piece
241,Celery Diced 1/2 inch,Pre-Cut,a_j_lanzarotta_wholesale_fruit_and_vegetables,bag × 5 lb
242,Turnip Waxed / Rutabaga,Bulk,,case × 35 lb
243,Apple Granny Smith,Bulk,,case of 113 piece
244,Lemon,Bulk,,case of 100 piece
245,Lime,Bulk,,box of 42 piece
246,Avocado,Bulk,,case of 14 piece
247,Avocado,Bulk,,case of 32 piece
248,Cherries,Bulk,,case × 5 lb
249,Apple Red Delicious,Bulk,,case of 100 piece
250,Apple Royal Gala,Bulk,,case of 88 piece
251,Mango,Bulk,,case of 7 piece
252,Pepper Red,Bulk,,case × 11 lb
253,Orange Cara Cara,Bulk,,case of 56 piece
254,Orange Blood,Bulk,,case of 36 piece
255,Pomegranate,Bulk,,case of 7 piece
256,Zucchini Green,Bulk,,case × 22 lb
257,Zucchini Yellow,Bulk,,case × 22 lb
258,Bok Choy,Bulk,,case × 45 lb
259,Pear Bartlett,Bulk,,case of 100 piece
260,Pear Bosc,Bulk,,case of 80 piece
261,Separate Salad,Pre-Cut,,case of 4 bag × 5 lb
262,Apple Granny Smith,Bulk,,case of 80 piece
263,Apple Royal Gala,Bulk,,case of 100 piece
264,Melon Honeydew,Bulk,,case of 6 piece
265,Radicchio,Bulk,,case of 9 head
266,Bok Choy Baby,Bulk,,case × 30 lb
267,Orange Navel,Bulk,,case of 40 piece
268,Broccoli Bunches,Bulk,,case of 14 bunch
269,Kale Green,Bulk,,case of 12 bunch
270,Apple Royal Gala,Bulk,,case of 80 piece
271,Lemon,Bulk,,case of 115 piece
272,Mango,Bulk,,case of 6 piece
273,Pomegranate,Bulk,,case of 5 piece
274,Orange Navel Spanish,Bulk,,case of 120 piece
275,Okra,Bulk,,case × 14 lb
276,Beans Green Snipped,Pre-Cut,a_j_lanzarotta_wholesale_fruit_and_vegetables,case × 10 lb
277,Coleslaw Mix,Bulk,,case of 4 bag × 5 lb
278,Pineapple Chunks Frozen,Frozen,a_j_lanzarotta_wholesale_fruit_and_vegetables,case of 5 bag × 1 kg
279,Apple Sliced Frozen,Frozen,a_j_lanzarotta_wholesale_fruit_and_vegetables,case × 18 kg
280,Peach Sliced Frozen,Frozen,a_j_lanzarotta_wholesale_fruit_and_vegetables,case × 30 lb
281,Banana Frozen,Frozen,a_j_lanzarotta_wholesale_fruit_and_vegetables,case of 2 bag × 25 lb
282,Cantaloupe Jumbo,Bulk,,case of 6 piece
283,Garlic Peeled,Bulk,,case of 6 bag × 3 lb
284,Potato Sweet,Bulk,,case × 40 lb
285,Apple Royal Gala,Bulk,,case of 125 piece
286,Lemon,Bulk,,case of 140 piece
287,Pear Bartlett,Bulk,,case of 120 piece
288,Pepper 4 Pack,Bulk,,case of 8 pack
289,Eggplant,Bulk,,case of 12 piece
290,Pepper Yellow,Bulk,,case × 11 lb
291,Pepper Red,Single Items,a_j_lanzarotta_wholesale_fruit_and_vegetables,piece
292,Pepper Yellow,Single Items,a_j_lanzarotta_wholesale_fruit_and_vegetables,piece
293,Pepper Green Jumbo,Single Items,a_j_lanzarotta_wholesale_fruit_and_vegetables,piece
294,Pepper Orange,Single Items,a_j_lanzarotta_wholesale_fruit_and_vegetables,piece
295,Parsley Flat,Single Items,a_j_lanzarotta_wholesale_fruit_and_vegetables,bunch × 40 g
296,Coriander / Cilantro,Single Items,a_j_lanzarotta_wholesale_fruit_and_vegetables,bunch × 40 g
297,Basil,Single Items,a_j_lanzarotta_wholesale_fruit_and_vegetables,bunch × 40 g
298,Celery Stalk,Single Items,a_j_lanzarotta_wholesale_fruit_and_vegetables,stalk
299,Kale Green,Single Items,a_j_lanzarotta_wholesale_fruit_and_vegetables,bunch
300,Lemon,Single Items,a_j_lanzarotta_wholesale_fruit_and_vegetables,piece
301,Onion Green,Single Items,a_j_lanzarotta_wholesale_fruit_and_vegetables,bunch
302,Tomato Roma,Single Items,a_j_lanzarotta_wholesale_fruit_and_vegetables,piece
303,Tomato Grape Cherry,Single Items,a_j_lanzarotta_wholesale_fruit_and_vegetables,pack × 1 lb
304,Broccoli Crown,Single Items,a_j_lanzarotta_wholesale_fruit_and_vegetables,head
305,Romaine Chopped,Single Items,a_j_lanzarotta_wholesale_fruit_and_vegetables,bag × 3 lb
306,Onion Red Large,Single Items,a_j_lanzarotta_wholesale_fruit_and_vegetables,piece
307,Onion Cooking Medium,Single Items,a_j_lanzarotta_wholesale_fruit_and_vegetables,piece
308,Cauliflower,Single Items,a_j_lanzarotta_wholesale_fruit_and_vegetables,head
309,Lettuce Iceberg,Single Items,a_j_lanzarotta_wholesale_fruit_and_vegetables,head
310,Romaine Heart,Single Items,a_j_lanzarotta_wholesale_fruit_and_vegetables,pack of 3 piece
311,Cucumber Large,Single Items,a_j_lanzarotta_wholesale_fruit_and_vegetables,piece
312,Mango Ataulfo,Bulk,,case of 14 piece
313,Squash Butternut Frozen,Frozen,a_j_lanzarotta_wholesale_fruit_and_vegetables,case of 6 bag × 2 kg
314,Cauliflower Frozen,Frozen,a_j_lanzarotta_wholesale_fruit_and_vegetables,case of 6 bag × 2 kg
315,Broccoli Frozen,Frozen,a_j_lanzarotta_wholesale_fruit_and_vegetables,case of 8 bag × 1 kg
316,Sage,Single Items,a_j_lanzarotta_wholesale_fruit_and_vegetables,bunch × 40 g
317,Apple Red Delicious,Bulk,,case of 72 piece
318,Orange Blood,Bulk,,case of 28 piece
319,Tomato 6x6,Bulk,,case × 25 lb
320,Apple Granny Smith,Bulk,,case of 125 piece
321,Apple Pink Lady,Bulk,,case of 125 piece
322,Pear Bosc,Bulk,,case of 100 piece
323,Blueberries Frozen,Frozen,a_j_lanzarotta_wholesale_fruit_and_vegetables,case × 30 lb
324,Beet Candy Cane,Bulk,,bag × 25 lb
325,Mint,Bulk,,case of 12 bunch
326,Pomegranate,Bulk,,case of 6 piece
327,Pepper Green Choice,Bulk,,case × 22 lb
328,Dragon Fruit Cubed 1 inch,Pre-Cut,a_j_lanzarotta_wholesale_fruit_and_vegetables,tray × 5 lb
329,Onion White Sweet,Bulk,,bag × 25 lb
330,Onion Red Pearl,Bulk,,case of 12 pack × 250 g
331,Onion White Pearl,Bulk,,case of 12 pack × 250 g
332,Pepper Chili Green,Bulk,,case × 10 lb
333,Pepper Orange,Bulk,,case × 11 lb
334,Broccolini / Aspiration,Bulk,,case of 18 bunch
335,Rapini,Bulk,,case of 20 piece
336,Apple Honeycrisp,Bulk,,case of 72 piece
337,Spring Mix Nordic Blend,Bulk,,case × 3 lb
338,Kale Baby Organic,Bulk,,case × 2 lb
339,Lettuce Gem 4 Pack,Bulk,,case of 8 pack
340,Tomato Heirloom,Bulk,,case × 10 lb
341,Tomato Salad,Bulk,,case × 15 lb
342,Pea Shoots,Bulk,,case of 12 pack
343,Micro Sprouts Zicari Mix,Single Items,a_j_lanzarotta_wholesale_fruit_and_vegetables,pack × 100 g
344,Chopped Kit Buffalo Ranch,Bulk,,case of 6 piece × 383 g
345,Papaya,Bulk,,case of 9 piece
346,Carrot Baby,Bulk,,case of 30 pack × 1 lb
347,Lemon,Bulk,,case of 138 piece
348,Orange Cara Cara,Bulk,,case of 48 piece
349,Cantaloupe,Bulk,,case of 12 piece
350,Papaya,Bulk,,case of 8 piece
351,Clementines,Single Items,a_j_lanzarotta_wholesale_fruit_and_vegetables,pack × 2 lb
352,Grapefruit,Bulk,,case of 32 piece
353,Cabbage Red,Bulk,,case of 16 head
354,Broccoli Bunches Organic,Bulk,,case of 14 bunch
355,Orange Navel Bagged,Single Items,a_j_lanzarotta_wholesale_fruit_and_vegetables,bag × 3 lb
356,Apple Gala Bagged,Single Items,a_j_lanzarotta_wholesale_fruit_and_vegetables,bag × 3 lb
357,Apple Honeycrisp,Bulk,,case of 64 piece
358,Cauliflower,Bulk,,case of 9 head
359,Mango Ataulfo,Bulk,,case of 12 piece
360,Tomato Salad,Bulk,,case × 18 lb
361,Avocado,Bulk,,case of 40 piece
362,Carrot Bagged,Bulk,,bag of 24 bag × 2 lb
363,Celery Stalks Sleeved,Bulk,,case of 30 stalk
364,Corn Peaches and Cream,Bulk,,case of 48 piece
365,Onion Medium Bagged,Bulk,,bag of 24 bag × 2 lb
366,Lemon,Bulk,,case of 75 piece
367,Caesar Salad Kit,Bulk,,case of 6 piece × 278 g
368,Avocado,Bulk,,case of 48 piece
369,Eggplant,Bulk,,case of 18 piece
370,Dragon Fruit Frozen,Frozen,a_j_lanzarotta_wholesale_fruit_and_vegetables,case × 22 lb
371,Celery Stalks Sleeved,Bulk,,case of 24 stalk
372,Fajita Mix,Pre-Cut,a_j_lanzarotta_wholesale_fruit_and_vegetables,bag × 5 lb
373,Watermelon Small,Single Items,a_j_lanzarotta_wholesale_fruit_and_vegetables,each
374,Beans Fine French,Bulk,,case of 14 pack × 400 g
375,Zucchini Green,Bulk,,case × 20 lb
376,Zucchini Yellow,Bulk,,case × 20 lb
377,Cabbage Red,Bulk,,case of 14 head
378,Lettuce Gem 2 Pack,Bulk,,case of 21 pack
379,Beans Green Frozen,Frozen,a_j_lanzarotta_wholesale_fruit_and_vegetables,case of 6 bag × 2 kg
380,Cabbage Green,Bulk,,case of 14 head
381,Blueberries,Bulk,,case of 12 pack × 1 lb
382,Lemon,Bulk,,case of 72 piece
383,Pineapple,Bulk,,case of 5 piece
384,Vegetable Platter Small,Pre-Cut,a_j_lanzarotta_wholesale_fruit_and_vegetables,each
385,Vegetable Platter Large,Pre-Cut,a_j_lanzarotta_wholesale_fruit_and_vegetables,each
386,Fruit Platter Small,Pre-Cut,a_j_lanzarotta_wholesale_fruit_and_vegetables,each
387,Fruit Platter Large,Pre-Cut,a_j_lanzarotta_wholesale_fruit_and_vegetables,each
388,Apple Golden Delicious,Bulk,,case of 88 piece
389,Apple Red Delicious,Bulk,,case of 80 piece
390,Apple Fuji,Bulk,,case of 88 piece
391,Lemon,Bulk,,case of 80 piece
392,Beans Green,Bulk,,case × 15 lb
393,Orange Juicing,Bulk,,case of 113 piece
394,Pepper Jalapeno,Bulk,,case × 15 lb
395,Corn Peaches and Cream Local,Bulk,,case of 60 piece
396,Pepper 4 Pack,Bulk,,case of 12 pack
397,Apple Granny Smith,Bulk,,case of 120 piece
398,Lemon,Bulk,,case of 76 piece
399,Watermelon Large,Single Items,a_j_lanzarotta_wholesale_fruit_and_vegetables,each
400,Romaine Lettuce,Bulk,,case of 24 piece
401,Chopped Kit Avocado Ranch,Bulk,,case of 6 piece × 12.8 oz
402,Chopped Kit Cheddar Ranch,Bulk,,case of 6 piece × 10.5 oz
403,Chopped Kit Broccoli Crunch,Bulk,,case of 6 piece × 12.7 oz
404,Chopped Kit Sweet Kale,Bulk,,case of 6 piece × 12 oz
405,Chopped Kit Dill Pickle Ranch,Bulk,,case of 6 piece × 11.75 oz
406,Chopped Kit Mediterranean Crunch,Bulk,,case of 6 piece × 312 g
407,Chopped Kit Mexican Style Street Corn,Bulk,,case of 6 piece × 329 g
408,Strawberries Local,Bulk,,case of 6 pack × 1 lb
409,Pepper Chili Green,Bulk,,case × 15 lb
410,Brussels Sprouts,Bulk,,case × 15 lb
411,Grapes Red Champagne,Bulk,,case of 10 pack × 1 lb
412,Lime,Bulk,,case of 54 piece
413,Apple Pink Lady,Bulk,,case of 88 piece
414,Apple Fuji,Bulk,,case of 64 piece
415,Apple Golden Delicious,Bulk,,case of 80 piece
416,Clementines Bagged,Bulk,,case of 15 bag × 2 lb
417,Avocado Ready-to-Eat,Packaged,a_j_lanzarotta_wholesale_fruit_and_vegetables,case of 16 piece
418,Kiwi,Bulk,,case × 20 lb
419,Mango Ataulfo,Bulk,,case of 16 piece
420,Mushroom Sliced Local,Bulk,,case × 5 lb
421,Onion Green,Bulk,,case of 24 bunch
422,Ginger Root,Bulk,,case × 10 lb
423,Radish Cello,Bulk,,case of 14 bag × 1 lb
424,Cucumber Extra Large,Bulk,,case of 12 piece
425,Basil,Bulk,,case of 12 bunch
426,Parsley Flat,Bulk,,case of 12 bunch × 40 g
427,Parsley Curly,Bulk,,case of 12 bunch × 40 g
428,Tomato Tomatillo,Bulk,,case × 10 lb
429,Strawberries Local,Bulk,,case of 12 pack × 1 lb
430,Cucumber Mini 6 Pack,Bulk,,case of 12 pack
431,Parsley Curly,Bulk,,case of 24 bunch × 40 g
432,Lemon,Bulk,,case of 88 piece
433,Parsley Flat,Bulk,,case of 60 bunch × 40 g
434,Orange Navel,Bulk,,case of 50 piece
435,Orange Navel,Bulk,,case of 64 piece
436,Orange Navel,Bulk,,case of 90 piece
437,Cabbage Green,Bulk,,case of 16 head
438,Lettuce Iceberg,Bulk,,case of 30 head
439,Mango,Bulk,,case of 9 piece
440,Fennel,Bulk,,case of 24 piece
441,Cucumber Mini 8 Pack,Bulk,,case of 7 pack
442,Yucca / Cassava Root,Bulk,,case × 35 lb
443,Parsley Curly,Bulk,,case of 60 bunch × 40 g
444,Romaine Chopped,Bulk,,case of 4 bag × 3 lb
445,Squash Butternut,Bulk,,case × 40 lb
446,Peppers Diced Frozen,Frozen,a_j_lanzarotta_wholesale_fruit_and_vegetables,case of 6 bag × 2 kg
447,Corn Indian,Bulk,a_j_lanzarotta_wholesale_fruit_and_vegetables,case of 3 bunch
448,Romaine Chopped Taylor Farms,Bulk,,case of 6 bag × 2 lb
449,Parsley Curly,Single Items,a_j_lanzarotta_wholesale_fruit_and_vegetables,bunch × 40 g
450,Watermelon Bin Medium,Bulk,,bin of 36 piece
451,Tomato Tomatillo,Bulk,,case × 35 lb
452,Carrot Bagged,Single Items,a_j_lanzarotta_wholesale_fruit_and_vegetables,bag × 5 lb
453,Orange Blood,Bulk,,case of 40 piece
454,Watermelon Large,Bulk,,case of 4 piece
455,Cucumber Mini 6 Pack,Bulk,,case of 8 pack
456,Avocado Medium,Bulk,,case of 20 piece
457,Tomato Salad,Bulk,,case × 20 lb
458,Pomegranate,Bulk,,case of 8 piece
459,Coriander / Cilantro Washed,Bulk,,case of 4 bag × 1 lb
460,Romaine Heart 3 Pack Andy Boy,Bulk,,case of 12 pack
461,Kiwi,Bulk,,case of 75 piece
462,Tomato Grape on the Vine,Bulk,,case × 8 lb
463,Persimmon,Bulk,,case × 28 lb
464,Mushroom White Packs Local,Bulk,,case of 12 pack × 8 oz
465,Mushroom White Choice Local,Bulk,,case × 5 lb
466,Mushroom White Stuffers Local,Bulk,,case × 5 lb
467,Mushroom Black Oyster Local,Bulk,,case × 5 lb
468,Mushroom Lion's Mane Local,Bulk,,case × 5 lb
469,Mushroom King Oyster Local,Bulk,,case × 5 lb
470,Plum Cherry,Bulk,,case × 28 lb
471,Spinach Baby Organic Salad,Bulk,,case of 8 pack × 5 oz
472,Spring Mix Organic Salad,Bulk,,case of 8 pack × 5 oz
473,Lime,Bulk,,case of 230 piece
474,Cucumber Curly,Bulk,,case × 20 lb
475,Lemon Meyer,Bulk,,case of 18 bag × 1 lb
476,Okra,Bulk,,case × 15 lb
477,Garlic White 3 Pack,Bulk,,case of 50 bag
478,Eggplant Long,Bulk,,case × 30 lb
479,Mint,Bulk,,case of 24 bunch
480,Potato Yellow,Bulk,,bag × 10 lb
481,Onion Yellow,Bulk,,bag × 10 lb
482,Onion Red,Bulk,,bag × 10 lb
483,Methi,Bulk,,case of 24 bunch
484,Pepper Thai Chili Green,Bulk,,case × 30 lb
485,Pepper Chili Green,Bulk,,case × 25 lb
486,Lettuce Red Leaf,Bulk,,case of 24 head
487,Escarole,Bulk,,case of 24 head
488,Chestnuts,Bulk,,case × 25 lb
489,Lettuce Frisee,Bulk,,case of 10 head
490,Clementines Stem & Leaf,Bulk,,case × 15 lb
491,Persimmon,Bulk,,case × 40 lb
492,Clementines Crate,Bulk,,case × 4 lb
493,Persimmon Vanilla,Bulk,,case of 6 piece
494,Tomato Kumato 5 Pack,Bulk,,case of 10 pack
495,Zucchini Gray,Bulk,,case × 20 lb
496,Avocado Bagged 5 Pack,Bulk,,case of 14 bag
497,Walnuts,Bulk,,case × 50 lb
498,Mushroom Black Oyster Local,Bulk,,case × 2 lb
499,Mandarin,Bulk,,box × 4 lb
500,Mushroom Brown Packs Local,Bulk,,case of 12 pack × 8 oz
501,Rosemary,Bulk,,case of 12 bunch
502,Chives,Bulk,,case of 12 bunch
503,Dill Weed,Bulk,,case of 12 bunch
504,Thyme,Bulk,,case of 12 bunch
505,Oregano,Bulk,,case of 12 bunch
506,Plantain Green,Bulk,,case × 40 lb
507,Hazelnuts,Bulk,,case × 50 lb
508,Almonds,Bulk,,case × 50 lb
509,Cherries,Bulk,,case × 11 lb
510,Avocado Ready-to-Eat,Packaged,a_j_lanzarotta_wholesale_fruit_and_vegetables,case of 14 piece
511,Pineapple Crownless,Bulk,,case of 10 piece
512,Beet Golden Diced,Pre-Cut,a_j_lanzarotta_wholesale_fruit_and_vegetables,bag × 5 lb
513,Beet Red Diced,Pre-Cut,a_j_lanzarotta_wholesale_fruit_and_vegetables,bag × 5 lb
514,Corn Frozen,Frozen,a_j_lanzarotta_wholesale_fruit_and_vegetables,case of 6 bag × 2 kg
515,Poinsettias 4.5 inch,Bulk,a_j_lanzarotta_wholesale_fruit_and_vegetables,each
516,Poinsettias 6 inch,Bulk,a_j_lanzarotta_wholesale_fruit_and_vegetables,each
517,Mirepoix Mix,Pre-Cut,a_j_lanzarotta_wholesale_fruit_and_vegetables,bag × 5 lb
518,Pepper Scotch Bonnet Red,Bulk,,case × 8 lb
519,Cabbage Green,Single Items,a_j_lanzarotta_wholesale_fruit_and_vegetables,head
520,Cabbage Red,Single Items,a_j_lanzarotta_wholesale_fruit_and_vegetables,head
521,Grapefruit,Bulk,,case of 56 piece
522,Persimmon Hachiya,Bulk,,case of 10 piece
523,Fig,Bulk,,case of 12 pack × 160 g
524,Orange Navel Chocolate,Bulk,,case × 5.5 kg
525,Apple Gala Bagged,Bulk,,case of 12 bag × 3 lb
526,Papaya,Bulk,,case of 12 piece
527,Quince,Bulk,,case of 12 piece
528,Watermelon Small,Bulk,,case of 8 piece
529,Clementines,Bulk,,case × 32 lb
530,Orange Cara Cara,Bulk,,case of 72 piece
531,Dragon Fruit,Bulk,,case of 7 piece
532,Guava,Bulk,,case × 2 kg
533,Lychee,Bulk,,case × 2 kg
534,Passion Fruit,Bulk,,case of 28 piece
535,Cucumber Medium Choice,Bulk,,case of 14 piece
536,Brussels Sprouts,Bulk,,case of 9 pack × 12 oz
537,Watermelon Medium,Bulk,,case of 4 piece
538,Coconut Green,Bulk,,case of 10 piece
539,Pepper Jalapeno,Bulk,,case × 30 lb
540,Pomegranate,Bulk,,case of 10 piece
541,Watermelon Medium,Bulk,,case of 6 piece
542,Banana Green Bunch,Single Items,a_j_lanzarotta_wholesale_fruit_and_vegetables,bunch × 3 lb
543,Pineapple Golden,Bulk,,case of 6 bag
544,Pepper Chili Green,Bulk,,case × 10 lb
545,Lemongrass,Bulk,,bag × 1 lb
546,Pepper Red,Bulk,,case × 22 lb
547,Beans Fava / Broad,Bulk,,case × 5 kg
548,Radicchio White,Bulk,,case of 12 head
549,Orange Navel Bagged,Bulk,,case of 8 bag × 3 lb
550,Pineapple Golden,Bulk,,case of 6 piece
551,Passion Fruit,Bulk,,case of 35 piece
552,Plum Cherry,Bulk,,case of 60 piece
553,Peach,Bulk,,case of 60 piece
554,Nectarine,Bulk,,case of 64 piece
555,Pomelo Red,Bulk,,case of 12 piece
556,Pineberries,Bulk,,case of 6 pack
557,Lychee,Bulk,,case × 6 kg
558,Passion Fruit,Bulk,,case of 15 piece
559,Pomelo Red,Bulk,,case of 28 piece
560,Mushroom White Sliced Packs Local,Bulk,,case of 12 pack × 8 oz
561,Pear Asian,Bulk,,case of 36 piece
562,Lettuce Iceberg Andy Boy,Bulk,,case of 24 head
563,Apple Ambrosia Bagged,Bulk,,case of 20 bag × 3 lb
564,Apple Mcintosh Bagged,Bulk,,case of 12 bag × 3 lb
565,Apple Sweet Tango Bagged,Bulk,,case of 14 bag × 3 lb
566,Apple Granny Smith Bagged,Bulk,,case of 12 bag × 3 lb
567,Pomelo Red,Bulk,,case of 18 piece
568,Carrot Baby Peeled with Top,Bulk,,case × 5 lb
569,Carrot Baby Peeled Multi-Colour with Top,Bulk,,case × 5 lb
570,Asparagus White,Bulk,,case × 22 lb
571,Orange Blood,Bulk,,case of 72 piece
572,Orange Navel Bagged,Bulk,,case of 12 bag × 3 lb
573,Strawberries Stem,Bulk,,case of 4 pack × 2 lb
574,Pepper Hot Yellow,Bulk,,case × 25 lb
575,Pepper Chili Red,Bulk,,case × 5 lb
576,Fig 3 Pack,Bulk,,case of 24 pack
577,Fig,Bulk,,box of 12 piece
578,Romaine Heart 3 Pack Organic,Bulk,,case of 12 pack
579,Pineapple,Bulk,,case of 8 piece
580,Asparagus White,Bulk,,case × 11 lb
581,Fig 8 Pack,Bulk,,case of 3 pack
582,Apple Ambrosia Bagged,Bulk,,case of 12 bag × 3 lb
583,Melon Dino,Bulk,,case of 6 piece
584,Nectarine,Bulk,,case of 52 piece
585,Carrot Red,Bulk,,bag × 25 lb
586,Pepper Sweet Mini,Bulk,,case of 12 pack × 2 lb
587,Tomato Grape on the Vine,Bulk,,case × 10 lb
588,Peach,Bulk,,case of 56 piece
589,Pepper Rainbow 4 Pack,Bulk,,case of 9 pack
590,Pepper Sweet Mini,Bulk,,case of 12 pack × 1 lb
591,Tomato Cocktail,Bulk,,case of 10 pack
592,Bean Sprouts,Bulk,,case of 12 pack × 1 lb
593,Cantaloupe Small,Bulk,,case of 15 piece
594,Squash Spaghetti,Bulk,,case × 35 lb
595,Tomato Beefsteak Hot House Organic,Bulk,,case × 15 lb
596,Apple Ambrosia Organic,Bulk,,case of 88 piece
597,Avocado Medium,Bulk,,case of 16 piece
598,Peach,Bulk,,case of 40 piece
599,Watermelon Baton Tray,Pre-Cut,a_j_lanzarotta_wholesale_fruit_and_vegetables,tray × 5 lb
600,Pineapple Wedges Tray,Pre-Cut,a_j_lanzarotta_wholesale_fruit_and_vegetables,tray × 5 lb
601,Honeydew Baton Tray,Pre-Cut,a_j_lanzarotta_wholesale_fruit_and_vegetables,tray × 5 lb
602,Cantaloupe Baton Tray,Pre-Cut,a_j_lanzarotta_wholesale_fruit_and_vegetables,tray × 5 lb
603,Orange Blood,Bulk,,case of 100 piece
604,Spinach,Bulk,,case of 24 bunch
605,Potato Russet Medium,Bulk,,bag × 50 lb
606,Pepper Poblano,Bulk,,case × 25 lb
607,Pepper Serrano,Bulk,,case × 25 lb
608,Pepper Poblano,Bulk,,case × 20 lb
609,Romaine Chopped Fresh Cut Pillow Pack,Pre-Cut,a_j_lanzarotta_wholesale_fruit_and_vegetables,case of 4 bag × 3 lb
610,Clementines Organic,Bulk,,case × 32 lb
611,Apple Ambrosia Bagged,Bulk,,case of 20 bag × 2 lb
612,Quince,Bulk,,case of 36 piece
613,Pineapple Chunks Tray,Pre-Cut,a_j_lanzarotta_wholesale_fruit_and_vegetables,tray × 5 lb
614,Honeydew Chunks Tray,Pre-Cut,a_j_lanzarotta_wholesale_fruit_and_vegetables,tray × 5 lb
615,Cantaloupe Chunks Tray,Pre-Cut,a_j_lanzarotta_wholesale_fruit_and_vegetables,tray × 5 lb
616,Coleslaw Mix Fresh Cut,Pre-Cut,a_j_lanzarotta_wholesale_fruit_and_vegetables,case of 1 bag × 10 lb
617,Apple Idared Local,Bulk,,case of 113 piece
618,Eggplant Graffiti,Bulk,,case of 24 piece
619,Lettuce Boston,Bulk,,case of 12 pack
620,Pepper Thai Chili Red,Bulk,,bag × 1 lb
621,Alfalfa Sprouts Baby Onion,Bulk,,case of 12 pack × 70 g
622,Pea Shoots Living Local,Bulk,,case of 6 pack
623,Potato Yukon Peeled,Pre-Cut,a_j_lanzarotta_wholesale_fruit_and_vegetables,bag × 22 lb
624,Potato Parisienne Peeled,Bulk,,bag × 22 lb
625,Endive Belgium Local,Bulk,,case × 11 lb
626,Mushroom Maitake Local,Bulk,,case of 6 pack × 100 g
627,Physalis,Bulk,,case of 12 pack × 100 g
628,Arugula Baby,Bulk,,case × 2 lb
629,Spring Mix Organic Salad,Bulk,,case × 2 lb
630,Kale Baby,Bulk,,case × 2 lb
631,Squash Chayote,Bulk,,case × 16 kg
632,Potato Garlic & Herb Little Potato Company,Bulk,,case of 6 pack × 1 lb
633,Sorrel,Bulk,,case of 12 bunch
634,Flowers Edible,Bulk,,pack of 25 piece
635,Alfalfa Sprouts,Bulk,,case of 12 pack × 120 g
636,Alfalfa Pea Shoots,Bulk,,case of 12 pack × 120 g
637,Alfalfa Sprouts Broccoli,Bulk,,case of 12 pack × 120 g
638,Sorrel Red Living,Single Items,a_j_lanzarotta_wholesale_fruit_and_vegetables,pack of 1 each
639,Carrot,Single Items,a_j_lanzarotta_wholesale_fruit_and_vegetables,bag × 5 lb
640,Potato White,Bulk,,bag × 10 lb
641,Pomegranate,Bulk,,case of 12 piece
642,Pear Bartlett,Bulk,,case of 70 piece
643,Onion Green Iced,Bulk,,case of 48 bunch
644,Coriander / Cilantro,Bulk,,case of 6 bunch × 40 g
645,Dill Weed,Bulk,,case of 6 bunch × 40 g
646,Parsley Curly,Bulk,,case of 6 bunch × 40 g
647,Parsley Flat,Bulk,,case of 6 bunch × 40 g
648,Lemon Bagged,Single Items,a_j_lanzarotta_wholesale_fruit_and_vegetables,bag × 2 lb
649,Potato Russet Local,Bulk,,case of 70 piece
650,Apple Sonya Bagged,Bulk,,case of 20 bag × 2 lb
651,Fruit Cup Honeydew Small,Bulk,ca_fruit_products_ltd,bag of 30 piece × 2.5 oz
652,Fruit Cup Cantaloupe Small,Bulk,ca_fruit_products_ltd,bag of 30 piece × 2.5 oz
653,Fruit Cup Pineapple Small,Bulk,ca_fruit_products_ltd,bag of 30 piece × 2.5 oz
654,Fruit Cup Fruit Salad Small,Bulk,ca_fruit_products_ltd,bag of 30 piece × 2.5 oz
655,Fruit Cup Red Grapes Small,Bulk,ca_fruit_products_ltd,bag of 30 piece × 2.5 oz
656,Fruit Cup Honeydew Medium,Bulk,ca_fruit_products_ltd,bag of 12 piece × 6 oz
657,Fruit Cup Cantaloupe Medium,Bulk,ca_fruit_products_ltd,bag of 12 piece × 6 oz
658,Fruit Cup Pineapple Medium,Bulk,ca_fruit_products_ltd,bag of 12 piece × 6 oz
659,Fruit Cup Fruit Salad Medium,Bulk,ca_fruit_products_ltd,bag of 12 piece × 6 oz
660,Apple Red & Green Wedges Pouch,Bulk,ca_fruit_products_ltd,bag of 30 piece
661,Orange Juice Fresh,Bulk,ca_fruit_products_ltd,bag of 10 piece × 8 oz
662,Pear Bosc,Bulk,,case of 52 piece
663,Pear Asian,Bulk,,case of 32 piece
664,Apple Golden Delicious,Bulk,,case of 75 piece
665,Kiwi,Bulk,,case of 10 pack × 1 lb
666,Carrot Coins,Pre-Cut,a_j_lanzarotta_wholesale_fruit_and_vegetables,bag × 5 lb
667,Bean Sprouts Local,Bulk,,case × 20 lb
668,Basil Thai,Bulk,,case of 12 bunch
669,Bok Choy Shanghai Local,Bulk,,case × 30 lb
670,Tomato Beefsteak Hot House Choice Local,Bulk,,case × 15 lb
671,Tomato Diced 1/4 inch,Packaged,a_j_lanzarotta_wholesale_fruit_and_vegetables,tray × 5 lb
672,Onion Green Chopped,Pre-Cut,a_j_lanzarotta_wholesale_fruit_and_vegetables,bag × 3 lb
673,Cherries,Bulk,,case × 16 lb
674,Strawberries Local,Bulk,,case of 10 pack × 1 lb
675,Lettuce Iceberg Andy Boy,Bulk,,case of 30 head
676,Romaine Lettuce Andy Boy,Bulk,,case of 24 piece
677,Garlic Scape Local,Bulk,,bag × 10 lb
678,Raspberries Local,Bulk,,case of 12 pack × 6 oz
679,Blueberries Local,Bulk,,case of 12 pack × 1 lb
680,Cherries Local,Bulk,,case of 18 pack × 1 lb
681,Parsnip Local,Bulk,,case × 25 lb
682,Rhubarb Local,Bulk,,bag × 10 lb
683,Cherries Baskets Local,Bulk,,case of 10 pack × 1.5 L
684,Melon Hami,Bulk,,case of 5 piece
685,Mushroom Shiitake Local,Bulk,,case × 3 lb
686,Clementines Choice,Bulk,,case × 30 lb
687,Melon Hami,Bulk,,case of 8 piece
688,Peach,Bulk,,case × 25 lb
689,Spinach Baby,Bulk,,case of 16 pack × 8 oz
690,Avocado Bagged 6 Pack,Bulk,,case of 14 bag
691,Pomegranate,Bulk,,case of 18 piece
692,Mushroom King Oyster,Bulk,,case × 3 lb
693,Mushroom Lion's Mane,Bulk,,case × 2 lb
694,Peach Baskets Local,Bulk,,case of 6 pack × 3 L
695,Apple Granny Smith Bagged,Bulk,,case of 12 bag × 2 lb
696,Eggplant Choice,Bulk,,case × 25 lb
697,Pepper Thai Chili Green,Single Items,a_j_lanzarotta_wholesale_fruit_and_vegetables,bag × 2 lb
698,Savory,Bulk,,case of 12 bunch × 40 g
699,Grapefruit,Bulk,,case of 55 piece
700,Potato White Medium,Bulk,,bag × 50 lb
701,Spring Mix Local,Bulk,,case × 3 lb
702,Lettuce Baby Green & Red Leaf,Bulk,,case of 8 pack × 4 oz
703,Lettuce Artisan,Bulk,,case of 6 pack × 4 oz
704,Carrot Heirloom,Bulk,,bag × 25 lb
705,Pear Cactus,Bulk,,case of 15 piece
706,Squash Acorn,Bulk,,case × 30 lb
707,Squash Buttercup,Bulk,,case × 30 lb
708,Onion Sweet Colossal,Bulk,,bag × 40 lb
709,Potato Red,Bulk,,bag × 10 lb
710,Pomelo Red,Bulk,,case of 15 piece
711,Beans Yellow,Bulk,,case × 25 lb
712,Pomegranate,Bulk,,case of 36 piece
713,Kiwi Peeled Cut in Half,Pre-Cut,a_j_lanzarotta_wholesale_fruit_and_vegetables,tray × 5 lb
714,Grapes Red Cut in Half,Pre-Cut,a_j_lanzarotta_wholesale_fruit_and_vegetables,tray × 5 lb
715,Potato Yukon Peeled in Water,Pre-Cut,a_j_lanzarotta_wholesale_fruit_and_vegetables,pail × 20 lb
716,Lettuce Iceberg Chopped / Separate Salad,Bulk,,case of 4 bag × 5 lb
717,Rutabaga Waxed,Bulk,,case × 40 lb
718,Turnip,Bulk,,bag × 25 lb
719,Mushroom Enoki,Bulk,,pack × 150 g
720,Celery Root,Bulk,,case of 12 piece
721,Romaine Heart 6 Pack Andy Boy,Bulk,,case of 7 pack
722,Eggplant Indian,Bulk,,case × 25 lb
723,Squash Long,Bulk,,case × 40 lb
724,Karella,Bulk,,case × 25 lb
725,Lettuce Baby Green Leaf Local,Bulk,,case of 8 pack × 4 oz
726,Lettuce Baby Green & Red Leaf Local,Bulk,,case of 8 pack × 4 oz
727,Lettuce Baby Spring Mix Local,Bulk,,case of 8 pack × 4 oz
728,Carrot,Bulk,,bag × 10 lb
729,Avocado Premium,Bulk,,case of 12 piece
730,Onion Diced Frozen,Frozen,a_j_lanzarotta_wholesale_fruit_and_vegetables,case of 6 bag × 2 kg
